"Date","Price","Open","High","Low","Vol.","Change %"
"2025/10/27","17.2229","17.1991","17.2528","17.1742","","0.08%"
"2025/10/26","17.2089","17.1991","17.2122","17.1846","","-0.32%"
"2025/10/24","17.2645","17.3256","17.3779","17.2122","","-0.40%"
"2025/10/23","17.3337","17.4048","17.4610","17.2863","","-0.40%"
"2025/10/22","17.4036","17.4023","17.4924","17.3395","","0.02%"
"2025/10/21","17.4005","17.2246","17.4677","17.1876","","1.00%"
"2025/10/20","17.2288","17.3821","17.3942","17.2170","","-0.87%"
"2025/10/19","17.3806","17.3671","17.4051","17.3505","","0.07%"
"2025/10/17","17.3681","17.3406","17.4936","17.3062","","0.16%"
"2025/10/16","17.3407","17.3466","17.3732","17.2585","","-0.08%"
"2025/10/15","17.3553","17.3868","17.4095","17.2658","","-0.24%"
"2025/10/14","17.3978","17.3206","17.5067","17.2820","","0.45%"
"2025/10/13","17.3206","17.5006","17.5006","17.2736","","-1.03%"
"2025/10/10","17.5006","17.2229","17.5140","17.1729","","1.65%"
"2025/10/09","17.2172","17.1661","17.2528","17.0617","","0.33%"
"2025/10/08","17.1599","17.2232","17.2775","17.1225","","-0.36%"
"2025/10/07","17.2212","17.1724","17.2501","17.1472","","0.28%"
"2025/10/06","17.1736","17.2525","17.3160","17.1526","","-0.33%"
"2025/10/03","17.2312","17.2972","17.3291","17.2019","","-0.37%"
"2025/10/02","17.2950","17.2345","17.3487","17.1645","","0.36%"
"2025/10/01","17.2337","17.2678","17.2936","17.1244","","-0.19%"
"2025/09/30","17.2668","17.2723","17.3168","17.2161","","-0.03%"
"2025/09/29","17.2722","17.3711","17.3860","17.2501","","-0.38%"
"2025/09/26","17.3384","17.4285","17.4910","17.3249","","-0.52%"
"2025/09/25","17.4286","17.3075","17.4894","17.2872","","0.49%"
"2025/09/24","17.3433","17.2575","17.3669","17.2106","","0.54%"
"2025/09/23","17.2498","17.3312","17.3896","17.2263","","-0.47%"
"2025/09/22","17.3319","17.3484","17.3774","17.2620","","-0.10%"
"2025/09/19","17.3484","17.3497","17.4253","17.3082","","-0.01%"
"2025/09/18","17.3500","17.3800","17.4913","17.3200","","-0.27%"
"2025/09/17","17.3969","17.3415","17.4340","17.2577","","0.32%"
"2025/09/16","17.3417","17.3561","17.4023","17.3152","","-0.09%"
"2025/09/15","17.3572","17.3781","17.4020","17.3102","","-0.19%"
"2025/09/12","17.3903","17.3825","17.4256","17.3425","","0.15%"
"2025/09/11","17.3647","17.4877","17.5677","17.3501","","-0.69%"
"2025/09/10","17.4858","17.5365","17.6030","17.4513","","-0.32%"
"2025/09/09","17.5418","17.4953","17.5628","17.4476","","0.23%"
"2025/09/08","17.5016","17.5698","17.6337","17.4697","","-0.54%"
"2025/09/05","17.5973","17.7843","17.7995","17.5166","","-1.00%"
"2025/09/04","17.7758","17.6630","17.8246","17.6499","","0.61%"
"2025/09/03","17.6682","17.6931","17.7776","17.6027","","-0.14%"
"2025/09/02","17.6925","17.6193","17.7892","17.5853","","0.42%"
"2025/09/01","17.6187","17.6758","17.6818","17.5410","","-0.21%"
"2025/08/29","17.6557","17.7163","17.7869","17.6224","","-0.24%"
"2025/08/28","17.6977","17.6915","17.7275","17.6184","","0.07%"
"2025/08/27","17.6851","17.6245","17.7885","17.6066","","0.34%"
"2025/08/26","17.6246","17.6079","17.6997","17.5710","","0.10%"
"2025/08/25","17.6064","17.4488","17.6398","17.4169","","0.92%"
"2025/08/22","17.4457","17.7206","17.7550","17.4222","","-1.55%"
"2025/08/21","17.7196","17.6656","17.7732","17.6527","","0.29%"
"2025/08/20","17.6686","17.6780","17.7344","17.6416","","-0.05%"
"2025/08/19","17.6780","17.6315","17.7050","17.5757","","0.26%"
"2025/08/18","17.6322","17.6150","17.6760","17.5560","","0.10%"
"2025/08/15","17.6150","17.5922","17.6403","17.5178","","0.13%"
"2025/08/14","17.5930","17.5285","17.6829","17.4773","","0.39%"
"2025/08/13","17.5240","17.5936","17.6188","17.4700","","-0.40%"
"2025/08/12","17.5937","17.7540","17.7767","17.5388","","-0.88%"
"2025/08/11","17.7492","17.7194","17.7991","17.6991","","-0.04%"
"2025/08/08","17.7564","17.7325","17.7647","17.6786","","0.13%"
"2025/08/07","17.7325","17.7626","17.8425","17.6700","","-0.18%"
"2025/08/06","17.7650","17.9613","17.9739","17.7432","","-0.82%"
"2025/08/05","17.9112","17.9264","18.0570","17.8738","","-0.13%"
"2025/08/04","17.9340","18.0516","18.0765","17.9066","","-0.65%"
"2025/08/01","18.0516","18.2144","18.3681","18.0161","","-0.89%"
"2025/07/31","18.2144","17.9960","18.2373","17.9523","","1.22%"
"2025/07/30","17.9951","17.8787","18.0262","17.8342","","0.64%"
"2025/07/29","17.8801","17.8742","18.0029","17.8594","","0.03%"
"2025/07/28","17.8743","17.7501","17.9111","17.7201","","0.64%"
"2025/07/25","17.7613","17.6360","17.8236","17.6055","","0.72%"
"2025/07/24","17.6349","17.5500","17.6664","17.5010","","0.48%"
"2025/07/23","17.5500","17.5510","17.6018","17.4939","","-0.05%"
"2025/07/22","17.5593","17.6227","17.6839","17.5255","","-0.37%"
"2025/07/21","17.6238","17.7037","17.7687","17.5950","","-0.56%"
"2025/07/18","17.7228","17.8347","17.8705","17.6553","","-0.63%"
"2025/07/17","17.8354","17.8145","17.9437","17.7950","","0.12%"
"2025/07/16","17.8139","17.9297","17.9647","17.7684","","-0.68%"
"2025/07/15","17.9366","17.9000","17.9606","17.7498","","0.20%"
"2025/07/14","17.9000","17.9238","17.9698","17.8313","","-0.15%"
"2025/07/11","17.9275","17.7400","17.9776","17.7235","","1.03%"
"2025/07/10","17.7452","17.8300","17.8377","17.7030","","-0.50%"
"2025/07/09","17.8335","17.7986","17.8768","17.7514","","0.22%"
"2025/07/08","17.7951","17.8619","17.8743","17.7179","","-0.36%"
"2025/07/07","17.8597","17.5930","17.8793","17.5882","","1.62%"
"2025/07/04","17.5750","17.5101","17.6452","17.4794","","0.35%"
"2025/07/03","17.5137","17.5726","17.6551","17.4832","","-0.32%"
"2025/07/02","17.5693","17.6037","17.7202","17.5526","","-0.19%"
"2025/07/01","17.6031","17.7375","17.7675","17.5682","","-0.83%"
"2025/06/30","17.7500","17.7932","17.8250","17.6857","","-0.46%"
"2025/06/27","17.8328","17.8537","17.9436","17.7137","","-0.10%"
"2025/06/26","17.8507","17.7625","17.8811","17.5761","","0.55%"
"2025/06/25","17.7537","17.7631","17.8466","17.6819","","-0.08%"
"2025/06/24","17.7679","17.8850","17.8850","17.6606","","-0.57%"
"2025/06/23","17.8695","18.0150","18.1533","17.8535","","-0.81%"
"2025/06/20","18.0150","18.0271","18.1122","17.9501","","-0.07%"
"2025/06/19","18.0284","17.9813","18.1575","17.9813","","0.26%"
"2025/06/18","17.9813","18.0263","18.1484","17.9102","","-0.24%"
"2025/06/17","18.0254","17.8158","18.0430","17.7625","","1.21%"
"2025/06/16","17.8106","17.9313","17.9843","17.7255","","-0.67%"
"2025/06/13","17.9313","17.7932","18.0782","17.7488","","0.70%"
"2025/06/12","17.8063","17.7324","17.9213","17.6776","","0.40%"
"2025/06/11","17.7356","17.7043","17.8041","17.6635","","0.20%"
"2025/06/10","17.7010","17.7201","17.8049","17.6585","","-0.15%"
"2025/06/09","17.7284","17.7794","17.8018","17.6938","","-0.31%"
"2025/06/06","17.7838","17.7451","17.8083","17.7028","","0.16%"
"2025/06/05","17.7550","17.8400","17.8663","17.6854","","-0.48%"
"2025/06/04","17.8400","17.8631","17.8926","17.7629","","-0.12%"
"2025/06/03","17.8623","17.8750","17.9400","17.8116","","-0.18%"
"2025/06/02","17.8938","17.9737","17.9955","17.8402","","-0.57%"
"2025/05/30","17.9972","17.8066","18.0743","17.7728","","1.07%"
"2025/05/29","17.8066","17.9513","18.0187","17.7551","","-0.69%"
"2025/05/28","17.9310","17.9493","18.0220","17.8602","","-0.10%"
"2025/05/27","17.9491","17.8640","17.9632","17.8317","","0.48%"
"2025/05/26","17.8640","17.8455","17.8918","17.7960","","0.00%"
"2025/05/23","17.8634","18.0294","18.0314","17.8066","","-0.87%"
"2025/05/22","18.0202","17.9679","18.0706","17.9158","","0.31%"
"2025/05/21","17.9641","17.9249","17.9797","17.8530","","0.18%"
"2025/05/20","17.9310","18.0921","18.1193","17.9042","","-0.86%"
"2025/05/19","18.0861","18.0472","18.0972","17.9803","","0.28%"
"2025/05/16","18.0362","18.0345","18.1429","17.9894","","0.07%"
"2025/05/15","18.0230","18.2743","18.2933","17.9969","","-1.38%"
"2025/05/14","18.2745","18.3102","18.3778","18.1846","","-0.20%"
"2025/05/13","18.3105","18.2509","18.4766","18.2160","","0.25%"
"2025/05/12","18.2640","18.2209","18.3467","18.0887","","0.39%"
"2025/05/09","18.1938","18.2080","18.3066","18.1523","","-0.05%"
"2025/05/08","18.2022","18.2676","18.3453","18.0836","","-0.38%"
"2025/05/07","18.2711","18.2138","18.3476","18.1681","","0.36%"
"2025/05/06","18.2052","18.2692","18.3190","18.1399","","-0.37%"
"2025/05/05","18.2732","18.3926","18.4361","18.2324","","-0.70%"
"2025/05/02","18.4022","18.5604","18.6577","18.3481","","-0.86%"
"2025/05/01","18.5611","18.6033","18.7157","18.5157","","-0.24%"
"2025/04/30","18.6057","18.5527","18.6597","18.5142","","0.36%"
"2025/04/29","18.5383","18.5263","18.6012","18.4678","","0.10%"
"2025/04/28","18.5204","18.6846","18.7728","18.4765","","-0.89%"
"2025/04/25","18.6871","18.8015","18.9252","18.6428","","-0.61%"
"2025/04/24","18.8025","18.6717","18.8504","18.5569","","0.69%"
"2025/04/23","18.6735","18.6183","18.7089","18.4884","","0.30%"
"2025/04/22","18.6172","18.7441","18.7917","18.5519","","-0.60%"
"2025/04/21","18.7293","18.7769","18.8480","18.6336","","-0.43%"
"2025/04/18","18.8101","18.8145","18.9136","18.7744","","0.15%"
"2025/04/17","18.7821","18.8451","18.9046","18.7634","","-0.11%"
"2025/04/16","18.8032","19.0317","19.0896","18.7805","","-0.98%"
"2025/04/15","18.9896","18.8918","19.1137","18.7399","","0.61%"
"2025/04/14","18.8749","19.1031","19.1362","18.8165","","-1.28%"
"2025/04/11","19.1195","19.4213","19.5273","19.0628","","-1.29%"
"2025/04/10","19.3697","19.2972","19.6172","19.2360","","0.47%"
"2025/04/09","19.2796","19.7742","19.9350","19.2126","","-2.37%"
"2025/04/08","19.7481","19.6621","19.8152","19.3010","","0.62%"
"2025/04/07","19.6271","19.1065","19.7205","19.0797","","2.83%"
"2025/04/04","19.0875","18.7404","19.2266","18.6993","","2.02%"
"2025/04/03","18.7093","18.8888","19.0225","18.6668","","-0.83%"
"2025/04/02","18.8667","18.4782","19.0005","18.4385","","2.20%"
"2025/04/01","18.4613","18.3137","18.5200","18.2663","","0.86%"
"2025/03/31","18.3032","18.4284","18.4388","18.2180","","-0.42%"
"2025/03/28","18.3800","18.2330","18.4612","18.1153","","0.88%"
"2025/03/27","18.2199","18.2604","18.3482","18.1832","","-0.16%"
"2025/03/26","18.2485","18.2753","18.3077","18.1961","","0.02%"
"2025/03/25","18.2448","18.2325","18.3008","18.1408","","0.04%"
"2025/03/24","18.2367","18.1774","18.2794","18.0956","","0.20%"
"2025/03/21","18.2000","18.1487","18.2592","18.1182","","0.26%"
"2025/03/20","18.1529","18.1152","18.2560","18.0782","","0.36%"
"2025/03/19","18.0886","18.1433","18.2889","18.0651","","-0.24%"
"2025/03/18","18.1316","18.0911","18.1828","17.9949","","0.32%"
"2025/03/17","18.0743","18.1809","18.2542","18.0529","","-0.56%"
"2025/03/14","18.1759","18.3270","18.3554","18.1298","","-0.74%"
"2025/03/13","18.3114","18.3452","18.4454","18.2810","","0.02%"
"2025/03/12","18.3074","18.2126","18.4629","18.1754","","0.69%"
"2025/03/11","18.1827","18.3468","18.3914","18.1691","","-0.80%"
"2025/03/10","18.3290","18.2372","18.3845","18.2123","","0.72%"
"2025/03/07","18.1977","18.1345","18.3397","18.0426","","0.53%"
"2025/03/06","18.1025","18.3301","18.3828","18.1022","","-1.09%"
"2025/03/05","18.3013","18.4780","18.5384","18.2696","","-0.83%"
"2025/03/04","18.4545","18.6076","18.6716","18.4374","","-0.65%"
"2025/03/03","18.5747","18.6899","18.7237","18.5419","","-0.44%"
"2025/02/28","18.6569","18.4599","18.7341","18.4153","","1.27%"
"2025/02/27","18.4222","18.4030","18.5097","18.3570","","0.18%"
"2025/02/26","18.3883","18.4120","18.4591","18.3321","","0.00%"
"2025/02/25","18.3878","18.3710","18.4695","18.3259","","0.14%"
"2025/02/24","18.3623","18.3725","18.4430","18.2899","","0.19%"
"2025/02/21","18.3269","18.3550","18.4267","18.2970","","-0.07%"
"2025/02/20","18.3401","18.5288","18.5741","18.3049","","-0.93%"
"2025/02/19","18.5121","18.4049","18.6010","18.3263","","0.64%"
"2025/02/18","18.3951","18.4094","18.4900","18.3599","","-0.12%"
"2025/02/17","18.4166","18.3599","18.4675","18.3131","","0.44%"
"2025/02/14","18.3360","18.4900","18.5704","18.2953","","-0.79%"
"2025/02/13","18.4824","18.5300","18.6456","18.4396","","-0.23%"
"2025/02/12","18.5254","18.4915","18.5733","18.4099","","0.27%"
"2025/02/11","18.4746","18.4433","18.5293","18.4097","","0.24%"
"2025/02/10","18.4300","18.4738","18.6588","18.3546","","0.08%"
"2025/02/07","18.4146","18.4393","18.5143","18.3163","","-0.07%"
"2025/02/06","18.4277","18.5578","18.6887","18.4135","","-0.63%"
"2025/02/05","18.5446","18.6727","18.7209","18.5061","","-0.68%"
"2025/02/04","18.6725","18.7164","18.8414","18.6302","","-0.21%"
"2025/02/03","18.7114","18.7015","19.0538","18.6758","","0.32%"
"2025/01/31","18.6513","18.5849","18.7367","18.5082","","0.44%"
"2025/01/30","18.5688","18.5354","18.6093","18.4245","","0.30%"
"2025/01/29","18.5131","18.6935","18.7343","18.5047","","-0.82%"
"2025/01/28","18.6656","18.7468","18.8749","18.6424","","-0.27%"
"2025/01/27","18.7170","18.3986","18.7824","18.3973","","1.81%"
"2025/01/24","18.3836","18.5122","18.5330","18.2953","","-0.62%"
"2025/01/23","18.4992","18.4891","18.6119","18.4459","","0.15%"
"2025/01/22","18.4709","18.5043","18.5839","18.4408","","-0.11%"
"2025/01/21","18.4907","18.5318","18.6996","18.4712","","-0.17%"
"2025/01/20","18.5221","18.7516","18.7865","18.4939","","-1.12%"
"2025/01/17","18.7328","18.8325","18.8419","18.6797","","-0.38%"
"2025/01/16","18.8039","18.7656","18.9020","18.7288","","0.23%"
"2025/01/15","18.7599","18.9102","18.9580","18.7366","","-0.76%"
"2025/01/14","18.9033","19.0456","19.0714","18.8912","","-0.74%"
"2025/01/13","19.0445","19.1089","19.2393","19.0138","","-0.26%"
"2025/01/10","19.0945","18.9350","19.2169","18.8964","","0.93%"
"2025/01/09","18.9194","18.9004","18.9969","18.8280","","0.16%"
"2025/01/08","18.8896","18.6888","18.9758","18.6713","","1.15%"
"2025/01/07","18.6744","18.5812","18.7267","18.5026","","0.60%"
"2025/01/06","18.5622","18.7599","18.7935","18.4249","","-0.93%"
"2025/01/03","18.7372","18.7383","18.8242","18.6784","","0.16%"
"2025/01/02","18.7070","18.7749","18.8775","18.6599","","-0.28%"
"2025/01/01","18.7597","18.8703","18.8815","18.7695","","-0.48%"
"2024/12/31","18.8506","18.8150","18.9214","18.6994","","0.39%"
"2024/12/30","18.7765","18.7038","18.8474","18.6217","","0.52%"
"2024/12/27","18.6788","18.8417","18.8804","18.6188","","-0.71%"
"2024/12/26","18.8125","18.6859","18.9170","18.5739","","0.81%"
"2024/12/25","18.6610","18.6770","18.7750","18.6497","","0.04%"
"2024/12/24","18.6543","18.5587","18.7171","18.5041","","0.57%"
"2024/12/23","18.5487","18.3095","18.6160","18.2598","","1.37%"
"2024/12/20","18.2975","18.3820","18.4445","18.2507","","-0.47%"
"2024/12/19","18.3846","18.3402","18.4454","18.2155","","0.34%"
"2024/12/18","18.3232","18.0960","18.3732","18.0178","","1.36%"
"2024/12/17","18.0766","17.8582","18.1767","17.8258","","1.33%"
"2024/12/16","17.8389","17.8775","17.9296","17.8199","","-0.10%"
"2024/12/13","17.8575","17.7936","17.9515","17.7610","","0.39%"
"2024/12/12","17.7889","17.7045","17.8197","17.6133","","0.53%"
"2024/12/11","17.6944","17.8169","17.9132","17.6761","","-0.61%"
"2024/12/10","17.8034","17.7802","17.9104","17.7526","","0.17%"
"2024/12/09","17.7733","18.0213","18.0630","17.7152","","-1.44%"
"2024/12/06","18.0330","18.0131","18.0745","17.9468","","0.19%"
"2024/12/05","17.9997","18.1688","18.1914","17.9971","","-0.80%"
"2024/12/04","18.1443","18.1152","18.1938","18.0809","","0.32%"
"2024/12/03","18.0869","18.1379","18.2034","18.0585","","-0.18%"
"2024/12/02","18.1197","18.0600","18.2490","18.0250","","0.38%"
"2024/11/29","18.0503","18.0944","18.1371","18.0000","","-0.15%"
"2024/11/28","18.0773","18.1870","18.2754","18.0821","","-0.52%"
"2024/11/27","18.1722","18.1990","18.2436","18.0699","","0.02%"
"2024/11/26","18.1688","18.0738","18.2342","18.0271","","0.76%"
"2024/11/25","18.0314","18.1200","18.1288","17.9576","","-0.39%"
"2024/11/22","18.1020","18.1079","18.1531","18.0109","","0.04%"
"2024/11/21","18.0956","18.1187","18.1881","17.9584","","-0.13%"
"2024/11/20","18.1186","18.0512","18.1903","18.0204","","0.44%"
"2024/11/19","18.0386","17.9712","18.1815","17.9009","","0.61%"
"2024/11/18","17.9294","18.1901","18.2334","17.9203","","-1.43%"
"2024/11/15","18.1900","18.2798","18.3167","18.0987","","-0.33%"
"2024/11/14","18.2495","18.2264","18.4040","18.1593","","0.13%"
"2024/11/13","18.2265","18.1157","18.2831","17.9282","","0.74%"
"2024/11/12","18.0927","17.9307","18.1922","17.9093","","1.01%"
"2024/11/11","17.9116","17.6094","17.9988","17.5525","","1.84%"
"2024/11/08","17.5888","17.3070","17.6653","17.2776","","1.69%"
"2024/11/07","17.2966","17.6500","17.7010","17.2670","","-1.73%"
"2024/11/06","17.6015","17.4000","17.8298","17.3759","","1.33%"
"2024/11/05","17.3697","17.5341","17.5502","17.3584","","-0.77%"
"2024/11/04","17.5038","17.6579","17.6658","17.4833","","-0.73%"
"2024/11/01","17.6325","17.6200","17.6898","17.5198","","0.42%"
"2024/10/31","17.5589","17.6520","17.7696","17.5753","","-0.50%"
"2024/10/30","17.6463","17.6639","17.7684","17.5335","","0.00%"
"2024/10/29","17.6466","17.6950","17.7555","17.6085","","-0.17%"
"2024/10/28","17.6773","17.6599","17.8053","17.6019","","0.18%"
"2024/10/25","17.6464","17.6660","17.7222","17.5805","","-0.03%"
"2024/10/24","17.6525","17.7794","17.8269","17.6390","","-0.58%"
"2024/10/23","17.7550","17.5625","17.8749","17.4858","","1.27%"
"2024/10/22","17.5324","17.6151","17.6395","17.4909","","-0.39%"
"2024/10/21","17.6011","17.5950","17.6677","17.5579","","0.03%"
"2024/10/18","17.5952","17.7275","17.7290","17.5367","","-0.41%"
"2024/10/17","17.6680","17.6185","17.8024","17.5930","","0.34%"
"2024/10/16","17.6079","17.6481","17.6741","17.5408","","-0.10%"
"2024/10/15","17.6248","17.5736","17.6788","17.5287","","0.41%"
"2024/10/14","17.5524","17.4150","17.6098","17.3925","","0.83%"
"2024/10/11","17.4076","17.5229","17.5724","17.3610","","-0.55%"
"2024/10/10","17.5040","17.6453","17.6892","17.4921","","-0.79%"
"2024/10/09","17.6439","17.5645","17.6889","17.5215","","0.58%"
"2024/10/08","17.5430","17.4042","17.6168","17.3342","","1.03%"
"2024/10/07","17.3639","17.4914","17.5084","17.3454","","-0.64%"
"2024/10/04","17.4765","17.5111","17.6110","17.4163","","-0.11%"
"2024/10/03","17.4963","17.3573","17.5623","17.2801","","0.95%"
"2024/10/02","17.3314","17.3993","17.4712","17.3011","","-0.37%"
"2024/10/01","17.3966","17.2847","17.4930","17.2149","","0.81%"
"2024/09/30","17.2574","17.1021","17.3078","17.0296","","0.89%"
"2024/09/27","17.1046","17.1800","17.2605","17.0640","","-0.29%"
"2024/09/26","17.1542","17.2765","17.3244","17.1341","","-0.58%"
"2024/09/25","17.2550","17.2620","17.3626","17.1299","","0.00%"
"2024/09/24","17.2545","17.3572","17.3801","17.2323","","-0.46%"
"2024/09/23","17.3350","17.4102","17.4767","17.2836","","-0.44%"
"2024/09/20","17.4112","17.4930","17.5965","17.4025","","-0.49%"
"2024/09/19","17.4962","17.5525","17.6299","17.3907","","-0.20%"
"2024/09/18","17.5315","17.6335","17.6488","17.4198","","-0.31%"
"2024/09/17","17.5866","17.6200","17.6887","17.5763","","-0.13%"
"2024/09/16","17.6102","17.7588","17.7631","17.6026","","-0.76%"
"2024/09/13","17.7451","17.7681","17.8279","17.6884","","-0.12%"
"2024/09/12","17.7673","17.8962","18.0215","17.7523","","-0.63%"
"2024/09/11","17.8803","17.9463","17.9914","17.8335","","-0.31%"
"2024/09/10","17.9356","17.8837","17.9723","17.8055","","0.44%"
"2024/09/09","17.8576","17.8593","17.9617","17.8032","","0.02%"
"2024/09/06","17.8532","17.7100","17.8988","17.6094","","0.84%"
"2024/09/05","17.7050","17.8645","17.8946","17.6861","","-0.83%"
"2024/09/04","17.8539","17.9809","18.0250","17.8006","","-0.66%"
"2024/09/03","17.9731","17.8325","18.0103","17.8083","","0.83%"
"2024/09/02","17.8252","17.8461","17.9389","17.7971","","0.02%"
"2024/08/30","17.8217","17.7378","17.8546","17.5952","","0.44%"
"2024/08/29","17.7433","17.8225","17.8423","17.6718","","-0.37%"
"2024/08/28","17.8090","17.7463","17.8551","17.7040","","0.48%"
"2024/08/27","17.7243","17.7441","17.8069","17.6849","","0.04%"
"2024/08/26","17.7169","17.7453","17.8347","17.6795","","0.02%"
"2024/08/23","17.7125","17.9969","18.0278","17.6875","","-1.60%"
"2024/08/22","18.0003","17.8479","18.0593","17.8344","","0.96%"
"2024/08/21","17.8293","17.8175","17.9529","17.7760","","0.20%"
"2024/08/20","17.7936","17.7024","17.8887","17.6984","","0.53%"
"2024/08/19","17.6994","17.8666","17.8882","17.6710","","-0.86%"
"2024/08/16","17.8525","18.0051","18.0189","17.8496","","-0.78%"
"2024/08/15","17.9933","18.0614","18.1026","17.9706","","-0.39%"
"2024/08/14","18.0633","18.1405","18.1573","18.0175","","-0.19%"
"2024/08/13","18.0968","18.2575","18.2719","18.0916","","-0.81%"
"2024/08/12","18.2445","18.3057","18.3248","18.1758","","-0.36%"
"2024/08/09","18.3101","18.3608","18.3937","18.2757","","-0.26%"
"2024/08/08","18.3570","18.4050","18.4481","18.3225","","-0.16%"
"2024/08/07","18.3872","18.4719","18.5094","18.2720","","-0.58%"
"2024/08/06","18.4942","18.5125","18.5911","18.4018","","-0.14%"
"2024/08/05","18.5207","18.2797","18.6903","18.2688","","1.35%"
"2024/08/02","18.2747","18.2650","18.3345","18.1196","","0.03%"
"2024/08/01","18.2688","18.2001","18.3068","18.1042","","0.39%"
"2024/07/31","18.1976","18.3333","18.3497","18.1686","","-0.71%"
"2024/07/30","18.3283","18.4556","18.4788","18.2817","","-0.63%"
"2024/07/29","18.4437","18.3153","18.5268","18.2386","","0.74%"
"2024/07/26","18.3078","18.4222","18.4222","18.2221","","-0.20%"
"2024/07/25","18.3453","18.3280","18.5334","18.3144","","-0.06%"
"2024/07/24","18.3564","18.3903","18.4388","18.2670","","-0.12%"
"2024/07/23","18.3790","18.2691","18.4802","18.2340","","0.70%"
"2024/07/22","18.2520","18.2942","18.3304","18.1945","","-0.10%"
"2024/07/19","18.2698","18.2310","18.3748","18.2178","","0.09%"
"2024/07/18","18.2530","18.2297","18.2830","18.1295","","0.27%"
"2024/07/17","18.2047","18.1050","18.2757","18.0336","","0.70%"
"2024/07/16","18.0789","18.2145","18.2834","18.0320","","-0.60%"
"2024/07/15","18.1877","17.9526","18.2813","17.9526","","1.13%"
"2024/07/12","17.9850","18.0039","18.0306","17.9226","","-0.14%"
"2024/07/11","18.0111","18.1263","18.1398","17.9366","","-0.58%"
"2024/07/10","18.1154","18.1562","18.1697","18.0411","","-0.02%"
"2024/07/09","18.1188","18.1319","18.2285","18.0619","","0.07%"
"2024/07/08","18.1066","18.1749","18.2395","18.0676","","-0.66%"
"2024/07/05","18.2269","18.2613","18.3186","18.1458","","-0.32%"
"2024/07/04","18.2859","18.4242","18.4646","18.2325","","-0.73%"
"2024/07/03","18.4211","18.5851","18.6389","18.2987","","-0.91%"
"2024/07/02","18.5903","18.3111","18.6675","18.3111","","1.23%"
"2024/07/01","18.3650","18.1245","18.4149","17.9395","","0.99%"
"2024/06/28","18.1850","18.4743","18.5321","18.1318","","-1.51%"
"2024/06/27","18.4640","18.2293","18.5147","18.1301","","1.58%"
"2024/06/26","18.1771","18.2507","18.3535","18.1080","","-0.27%"
"2024/06/25","18.2266","18.1099","18.2775","18.0588","","0.61%"
"2024/06/24","18.1153","17.9915","18.2438","17.9825","","0.84%"
"2024/06/21","17.9642","17.9800","18.0163","17.8671","","-0.04%"
"2024/06/20","17.9719","17.9721","18.1803","17.9263","","0.06%"
"2024/06/19","17.9605","18.0466","18.0553","17.9171","","-0.40%"
"2024/06/18","18.0334","18.2509","18.2933","18.0310","","-1.17%"
"2024/06/17","18.2476","18.3775","18.4067","18.2032","","-0.50%"
"2024/06/14","18.3389","18.4289","18.5067","18.3015","","-0.44%"
"2024/06/13","18.4195","18.3756","18.5409","18.3160","","0.25%"
"2024/06/12","18.3740","18.5910","18.6636","18.2827","","-1.21%"
"2024/06/11","18.5982","18.7219","18.7812","18.5340","","-0.67%"
"2024/06/10","18.7236","18.8680","18.9316","18.6894","","-0.73%"
"2024/06/07","18.8605","18.9252","19.0110","18.7593","","-0.53%"
"2024/06/06","18.9607","18.9306","19.0156","18.8720","","0.18%"
"2024/06/05","18.9258","18.7094","18.9890","18.6545","","1.23%"
"2024/06/04","18.6963","18.5075","18.7810","18.4807","","1.10%"
"2024/06/03","18.4931","18.8154","18.8895","18.4879","","-1.67%"
"2024/05/31","18.8079","18.7450","18.9063","18.6315","","0.36%"
"2024/05/30","18.7401","18.4202","18.7875","18.3678","","1.93%"
"2024/05/29","18.3860","18.2982","18.4683","18.2177","","0.61%"
"2024/05/28","18.2749","18.3690","18.4349","18.2645","","-0.44%"
"2024/05/27","18.3551","18.4319","18.4709","18.3223","","-0.45%"
"2024/05/24","18.4386","18.4662","18.5061","18.3618","","-0.17%"
"2024/05/23","18.4704","18.2614","18.4974","18.2250","","1.17%"
"2024/05/22","18.2569","18.0849","18.3075","18.0315","","0.97%"
"2024/05/21","18.0821","18.2233","18.2391","18.0263","","-0.64%"
"2024/05/20","18.1991","18.1557","18.2967","18.1054","","0.28%"
"2024/05/17","18.1482","18.2033","18.2992","18.1318","","-0.26%"
"2024/05/16","18.1958","18.2796","18.3133","18.1754","","-0.35%"
"2024/05/15","18.2588","18.3784","18.4172","18.2545","","-0.50%"
"2024/05/14","18.3513","18.3429","18.4823","18.3398","","-0.06%"
"2024/05/13","18.3624","18.4525","18.4721","18.2971","","-0.45%"
"2024/05/10","18.4450","18.4675","18.5140","18.3815","","-0.14%"
"2024/05/09","18.4700","18.6150","18.6514","18.4368","","-0.47%"
"2024/05/08","18.5576","18.5035","18.6798","18.4700","","0.25%"
"2024/05/07","18.5121","18.4320","18.5643","18.4279","","0.27%"
"2024/05/06","18.4625","18.4872","18.5564","18.3725","","-0.18%"
"2024/05/03","18.4967","18.5753","18.6049","18.3923","","-0.42%"
"2024/05/02","18.5751","18.6014","18.7014","18.4895","","-0.06%"
"2024/05/01","18.5861","18.7834","18.8129","18.5441","","-0.90%"
"2024/04/30","18.7556","18.6450","18.8489","18.6313","","0.76%"
"2024/04/29","18.6142","18.8467","18.8467","18.6133","","-1.19%"
"2024/04/26","18.8392","19.0304","19.0979","18.7198","","-1.03%"
"2024/04/25","19.0354","19.2106","19.2458","18.9242","","-0.93%"
"2024/04/24","19.2141","19.1064","19.2670","19.0735","","0.53%"
"2024/04/23","19.1129","19.1961","19.2731","19.0905","","-0.39%"
"2024/04/22","19.1883","19.1111","19.2033","19.0495","","0.44%"
"2024/04/19","19.1036","19.1506","19.3908","19.0623","","-0.21%"
"2024/04/18","19.1436","19.0253","19.2086","18.9222","","0.63%"
"2024/04/17","19.0229","19.0523","19.1117","18.9147","","-0.09%"
"2024/04/16","19.0395","18.9696","19.1154","18.9485","","0.28%"
"2024/04/15","18.9861","18.8630","19.0568","18.7941","","0.68%"
"2024/04/12","18.8578","18.7341","18.9820","18.6486","","0.68%"
"2024/04/11","18.7310","18.7332","18.8508","18.6797","","0.04%"
"2024/04/10","18.7228","18.4564","18.8106","18.4333","","1.41%"
"2024/04/09","18.4616","18.6425","18.6526","18.4093","","-0.92%"
"2024/04/08","18.6321","18.6752","18.7495","18.5368","","-0.19%"
"2024/04/05","18.6677","18.7132","18.7750","18.5782","","-0.21%"
"2024/04/04","18.7076","18.6714","18.7533","18.5692","","0.23%"
"2024/04/03","18.6638","18.7733","18.8622","18.6425","","-0.56%"
"2024/04/02","18.7694","18.9007","19.0102","18.7439","","-0.86%"
"2024/04/01","18.9324","18.9342","19.0287","18.7897","","0.06%"
"2024/03/29","18.9214","18.9329","18.9594","18.8410","","-0.08%"
"2024/03/28","18.9368","18.9072","19.1091","18.8876","","0.21%"
"2024/03/27","18.8967","18.9804","19.0089","18.8708","","-0.25%"
"2024/03/26","18.9450","18.9104","19.0032","18.8494","","0.33%"
"2024/03/25","18.8823","19.0063","19.0373","18.8571","","-0.55%"
"2024/03/22","18.9868","18.8263","19.0695","18.8019","","0.94%"
"2024/03/21","18.8107","18.7380","18.8780","18.6448","","0.61%"
"2024/03/20","18.6961","18.9189","18.9737","18.6678","","-1.07%"
"2024/03/19","18.8975","18.9459","19.0345","18.8911","","-0.25%"
"2024/03/18","18.9452","18.7528","19.0042","18.7465","","1.12%"
"2024/03/15","18.7360","18.7348","18.7896","18.6409","","0.04%"
"2024/03/14","18.7292","18.5751","18.7971","18.5542","","0.84%"
"2024/03/13","18.5740","18.7264","18.7595","18.5028","","-0.46%"
"2024/03/12","18.6600","18.6896","18.7726","18.5440","","-0.06%"
"2024/03/11","18.6704","18.7626","18.8568","18.6283","","-0.23%"
"2024/03/08","18.7138","18.6810","18.7731","18.5765","","0.22%"
"2024/03/07","18.6729","18.8246","18.8750","18.6688","","-0.80%"
"2024/03/06","18.8243","18.9762","19.0028","18.7838","","-0.74%"
"2024/03/05","18.9648","19.0421","19.1017","18.8899","","-0.32%"
"2024/03/04","19.0254","19.1225","19.1288","19.0014","","-0.46%"
"2024/03/01","19.1125","19.2126","19.2490","19.0781","","-0.49%"
"2024/02/29","19.2061","19.2232","19.3314","19.1544","","-0.28%"
"2024/02/28","19.2601","19.0975","19.3265","19.0746","","0.84%"
"2024/02/27","19.1003","19.2946","19.3272","19.0545","","-1.02%"
"2024/02/26","19.2968","19.3229","19.3613","19.2500","","-0.05%"
"2024/02/23","19.3058","19.1536","19.3953","19.1043","","0.83%"
"2024/02/22","19.1475","18.9289","19.1895","18.8216","","1.19%"
"2024/02/21","18.9227","18.9257","18.9723","18.7582","","0.12%"
"2024/02/20","18.8996","18.9812","19.0825","18.8810","","-0.35%"
"2024/02/19","18.9652","18.8346","19.0093","18.8346","","0.48%"
"2024/02/16","18.8748","18.9657","18.9922","18.8337","","-0.35%"
"2024/02/15","18.9405","19.0413","19.0882","18.8899","","-0.48%"
"2024/02/14","19.0312","19.1066","19.1993","19.0254","","-0.37%"
"2024/02/13","19.1028","18.9069","19.1817","18.7941","","1.00%"
"2024/02/12","18.9140","19.0200","19.0780","18.9024","","-0.56%"
"2024/02/09","19.0199","18.9599","19.0711","18.9128","","0.34%"
"2024/02/08","18.9555","18.8854","19.0055","18.8645","","0.37%"
"2024/02/07","18.8861","18.8347","18.9449","18.8015","","0.29%"
"2024/02/06","18.8324","19.0678","19.0987","18.8193","","-1.21%"
"2024/02/05","19.0627","18.8957","19.1094","18.8607","","0.86%"
"2024/02/02","18.8997","18.5946","18.9352","18.5507","","1.67%"
"2024/02/01","18.5892","18.6749","18.7796","18.5596","","-0.45%"
"2024/01/31","18.6739","18.8084","18.8510","18.5674","","-0.69%"
"2024/01/30","18.8032","18.8043","18.9216","18.7647","","0.05%"
"2024/01/29","18.7940","18.7614","18.8617","18.7417","","0.09%"
"2024/01/26","18.7775","18.8657","18.9599","18.7197","","-0.42%"
"2024/01/25","18.8574","18.8921","18.9501","18.8046","","-0.11%"
"2024/01/24","18.8783","19.0371","19.0671","18.7925","","-0.83%"
"2024/01/23","19.0366","19.1877","19.2364","18.9821","","-0.83%"
"2024/01/22","19.1966","19.0161","19.2218","19.0040","","0.99%"
"2024/01/19","19.0089","18.9396","19.0856","18.8990","","0.43%"
"2024/01/18","18.9278","19.0597","19.1252","18.8731","","-0.65%"
"2024/01/17","19.0518","18.9713","19.1907","18.9522","","0.46%"
"2024/01/16","18.9649","18.6980","19.0082","18.6325","","1.45%"
"2024/01/15","18.6947","18.6158","18.7194","18.6152","","0.48%"
"2024/01/12","18.6056","18.6432","18.7052","18.5345","","-0.17%"
"2024/01/11","18.6367","18.6887","18.7428","18.5637","","-0.22%"
"2024/01/10","18.6774","18.6338","18.7598","18.5916","","-0.10%"
"2024/01/09","18.6962","18.6060","18.7285","18.5627","","0.53%"
"2024/01/08","18.5979","18.6725","18.8144","18.5560","","-0.41%"
"2024/01/05","18.6752","18.7190","18.9655","18.5867","","-0.11%"
"2024/01/04","18.6952","18.7199","18.7768","18.6016","","-0.04%"
"2024/01/03","18.7021","18.5773","18.8459","18.4879","","0.80%"
"2024/01/02","18.5529","18.3520","18.6007","18.2600","","1.48%"
"2024/01/01","18.2822","18.2822","18.2822","18.2822","","0.00%"
"2023/12/29","18.2822","18.5432","18.6090","18.2486","","-1.35%"
"2023/12/28","18.5320","18.3871","18.6162","18.3029","","0.83%"
"2023/12/27","18.3791","18.6331","18.6870","18.3284","","-1.31%"
"2023/12/26","18.6234","18.4529","18.7507","18.4258","","1.14%"
"2023/12/25","18.4133","18.4467","18.4998","18.4208","","-0.16%"
"2023/12/22","18.4421","18.3639","18.5532","18.3444","","0.51%"
"2023/12/21","18.3481","18.3221","18.4282","18.2062","","0.17%"
"2023/12/20","18.3171","18.3174","18.4020","18.2239","","0.05%"
"2023/12/19","18.3084","18.5915","18.6406","18.3030","","-1.45%"
"2023/12/18","18.5770","18.3517","18.6665","18.2535","","1.27%"
"2023/12/15","18.3442","18.3184","18.4361","18.1056","","0.08%"
"2023/12/14","18.3304","18.6798","18.7183","18.2696","","-1.85%"
"2023/12/13","18.6765","18.9650","19.1042","18.6273","","-1.44%"
"2023/12/12","18.9501","19.1239","19.1239","18.8379","","-0.67%"
"2023/12/11","19.0784","18.9640","19.1439","18.9489","","0.67%"
"2023/12/08","18.9511","18.7606","19.0093","18.7352","","1.04%"
"2023/12/07","18.7569","18.9634","19.0002","18.7243","","-1.08%"
"2023/12/06","18.9610","18.9683","19.0084","18.8203","","0.11%"
"2023/12/05","18.9411","18.8096","19.0266","18.7514","","0.75%"
"2023/12/04","18.7997","18.6902","18.8766","18.5720","","0.94%"
"2023/12/01","18.6254","18.8550","18.9021","18.5938","","-1.20%"
"2023/11/30","18.8524","18.7579","18.9767","18.6670","","0.54%"
"2023/11/29","18.7511","18.6018","18.7644","18.4579","","0.83%"
"2023/11/28","18.5959","18.6628","18.7610","18.5715","","-0.31%"
"2023/11/27","18.6539","18.8363","18.8521","18.6182","","-0.88%"
"2023/11/24","18.8204","18.8099","18.9629","18.7533","","0.11%"
"2023/11/23","18.7998","18.8861","18.8979","18.6999","","-0.39%"
"2023/11/22","18.8737","18.6460","18.9056","18.5609","","1.35%"
"2023/11/21","18.6232","18.3403","18.6651","18.2651","","1.58%"
"2023/11/20","18.3335","18.3764","18.4603","18.2372","","-0.19%"
"2023/11/17","18.3689","18.3679","18.4380","18.2563","","0.08%"
"2023/11/16","18.3538","18.1782","18.4312","18.1467","","0.99%"
"2023/11/15","18.1746","18.2248","18.2778","18.1080","","-0.29%"
"2023/11/14","18.2281","18.7212","18.7856","18.2076","","-2.57%"
"2023/11/13","18.7097","18.7550","18.8062","18.6475","","-0.04%"
"2023/11/10","18.7163","18.6581","18.8151","18.6124","","0.37%"
"2023/11/09","18.6464","18.4729","18.6917","18.4366","","0.97%"
"2023/11/08","18.4674","18.3412","18.5490","18.3118","","0.86%"
"2023/11/07","18.3105","18.2959","18.4396","18.2267","","0.11%"
"2023/11/06","18.2908","18.2738","18.3687","18.1532","","0.22%"
"2023/11/03","18.2509","18.4188","18.4841","18.1985","","-0.91%"
"2023/11/02","18.4181","18.5295","18.5658","18.3105","","-0.51%"
"2023/11/01","18.5130","18.6448","18.7546","18.4907","","-0.69%"
"2023/10/31","18.6424","18.8575","18.9541","18.6176","","-1.15%"
"2023/10/30","18.8584","18.8669","18.8796","18.7402","","0.06%"
"2023/10/27","18.8479","18.9641","18.9914","18.7386","","-0.57%"
"2023/10/26","18.9558","19.1013","19.2783","18.9180","","-0.82%"
"2023/10/25","19.1127","19.0357","19.2041","18.9755","","0.39%"
"2023/10/24","19.0382","18.9145","19.1391","18.8511","","0.43%"
"2023/10/23","18.9562","19.0142","19.1504","18.9003","","-0.14%"
"2023/10/20","18.9832","19.0216","19.1520","18.9225","","-0.16%"
"2023/10/19","19.0144","18.9870","19.1618","18.9135","","0.17%"
"2023/10/18","18.9825","18.8048","19.0848","18.6917","","0.88%"
"2023/10/17","18.8165","18.7924","18.9205","18.7064","","0.24%"
"2023/10/16","18.7712","18.9758","19.0060","18.7551","","-1.10%"
"2023/10/13","18.9804","19.0088","19.0462","18.8490","","-0.19%"
"2023/10/12","19.0162","18.8285","19.0563","18.7759","","1.05%"
"2023/10/11","18.8194","19.0293","19.0728","18.7836","","-1.03%"
"2023/10/10","19.0157","19.3478","19.3675","18.9930","","-1.65%"
"2023/10/09","19.3356","19.3696","19.4466","19.2857","","0.21%"
"2023/10/06","19.2956","19.5259","19.6441","19.2556","","-1.11%"
"2023/10/05","19.5129","19.3351","19.6439","19.2679","","0.97%"
"2023/10/04","19.3249","19.3315","19.4401","19.1671","","-0.03%"
"2023/10/03","19.3314","19.1901","19.3863","19.1760","","0.62%"
"2023/10/02","19.2128","18.8833","19.2324","18.8584","","1.57%"
"2023/09/29","18.9152","18.9817","19.0525","18.7572","","-0.35%"
"2023/09/28","18.9823","19.2052","19.2663","18.9664","","-1.12%"
"2023/09/27","19.1969","19.0675","19.2673","19.0161","","0.68%"
"2023/09/26","19.0673","18.7767","19.0965","18.7687","","1.63%"
"2023/09/25","18.7621","18.7644","18.8612","18.6985","","0.03%"
"2023/09/22","18.7574","18.9536","18.9823","18.6984","","-0.97%"
"2023/09/21","18.9412","18.8163","19.0448","18.7994","","0.50%"
"2023/09/20","18.8461","18.9412","18.9913","18.6795","","-0.45%"
"2023/09/19","18.9306","19.0328","19.0584","18.9067","","-0.38%"
"2023/09/18","19.0025","19.0201","19.0923","18.9314","","-0.01%"
"2023/09/15","19.0038","19.0227","19.1168","18.9517","","-0.07%"
"2023/09/14","19.0176","18.8108","19.0612","18.7598","","1.15%"
"2023/09/13","18.8008","18.9340","18.9824","18.7596","","-0.58%"
"2023/09/12","18.9110","18.9385","19.0441","18.8503","","0.21%"
"2023/09/11","18.8711","19.1215","19.1291","18.8254","","-1.31%"
"2023/09/08","19.1225","19.1768","19.1872","19.0222","","-0.27%"
"2023/09/07","19.1748","19.2217","19.2759","19.1095","","-0.10%"
"2023/09/06","19.1943","19.2551","19.3424","19.0972","","-0.05%"
"2023/09/05","19.2032","19.0693","19.2861","19.0445","","0.74%"
"2023/09/04","19.0618","18.8292","19.1438","18.7404","","1.20%"
"2023/09/01","18.8361","18.8800","18.9059","18.6155","","-0.18%"
"2023/08/31","18.8706","18.6518","18.9461","18.6428","","1.03%"
"2023/08/30","18.6791","18.5077","18.7076","18.4673","","1.14%"
"2023/08/29","18.4692","18.6105","18.6309","18.4261","","-0.71%"
"2023/08/28","18.6015","18.5897","18.7493","18.5485","","-0.09%"
"2023/08/25","18.6183","18.7950","18.8965","18.5282","","-1.00%"
"2023/08/24","18.8071","18.4726","18.8461","18.3948","","1.89%"
"2023/08/23","18.4575","18.7894","18.8346","18.4173","","-1.75%"
"2023/08/22","18.7856","18.9660","18.9998","18.7143","","-0.92%"
"2023/08/21","18.9599","18.9965","19.0792","18.9370","","-0.05%"
"2023/08/18","18.9685","19.0804","19.1590","18.9319","","-0.49%"
"2023/08/17","19.0612","19.1491","19.2558","18.9472","","-0.54%"
"2023/08/16","19.1640","19.1458","19.2211","18.9886","","0.19%"
"2023/08/15","19.1276","19.0800","19.3038","19.0282","","0.27%"
"2023/08/14","19.0752","18.9300","19.1669","18.9130","","0.74%"
"2023/08/11","18.9354","18.8264","18.9792","18.7919","","0.50%"
"2023/08/10","18.8406","18.9815","19.0614","18.6577","","-0.68%"
"2023/08/09","18.9701","18.9244","19.0907","18.8299","","0.27%"
"2023/08/08","18.9190","18.7107","19.0054","18.6924","","1.13%"
"2023/08/07","18.7072","18.4304","18.7542","18.4268","","1.37%"
"2023/08/04","18.4537","18.7132","18.7547","18.3744","","-1.24%"
"2023/08/03","18.6847","18.4598","18.7874","18.4045","","1.23%"
"2023/08/02","18.4577","18.2999","18.5931","18.2510","","0.91%"
"2023/08/01","18.2918","17.8021","18.3493","17.8021","","2.47%"
"2023/07/31","17.8504","17.6483","17.8946","17.5686","","1.44%"
"2023/07/28","17.5978","17.7815","17.9860","17.5556","","-1.30%"
"2023/07/27","17.8298","17.6138","17.8940","17.4131","","1.29%"
"2023/07/26","17.6032","17.5513","17.7318","17.5324","","0.33%"
"2023/07/25","17.5448","17.7464","17.7913","17.5193","","-1.09%"
"2023/07/24","17.7373","17.9839","18.0513","17.7203","","-1.07%"
"2023/07/21","17.9295","17.9163","18.0716","17.8533","","0.18%"
"2023/07/20","17.8975","17.9005","17.9910","17.7306","","0.26%"
"2023/07/19","17.8513","17.8509","17.9872","17.8158","","-0.01%"
"2023/07/18","17.8522","18.0488","18.0725","17.8032","","-0.95%"
"2023/07/17","18.0231","18.1158","18.2058","17.9946","","-0.31%"
"2023/07/14","18.0789","17.9432","18.1831","17.9007","","0.91%"
"2023/07/13","17.9151","18.1313","18.1913","17.8925","","-1.16%"
"2023/07/12","18.1245","18.4909","18.5292","18.1150","","-1.92%"
"2023/07/11","18.4800","18.8373","18.8528","18.4751","","-1.63%"
"2023/07/10","18.7859","18.8149","18.9617","18.7550","","-0.11%"
"2023/07/07","18.8070","19.1122","19.1645","18.8052","","-1.63%"
"2023/07/06","19.1192","18.7592","19.1573","18.7365","","1.84%"
"2023/07/05","18.7734","18.6503","18.8313","18.6330","","0.71%"
"2023/07/04","18.6408","18.7469","18.7996","18.6091","","-0.52%"
"2023/07/03","18.7378","18.8339","18.8742","18.6539","","-0.47%"
"2023/06/30","18.8263","18.7633","19.0497","18.7204","","0.38%"
"2023/06/29","18.7541","18.6530","18.8894","18.6320","","0.57%"
"2023/06/28","18.6470","18.4779","18.7567","18.4767","","0.68%"
"2023/06/27","18.5210","18.6425","18.6721","18.4269","","-0.64%"
"2023/06/26","18.6410","18.7794","18.7794","18.5473","","-0.29%"
"2023/06/23","18.6947","18.5605","18.7815","18.4859","","0.97%"
"2023/06/22","18.5157","18.3283","18.5769","18.3075","","1.14%"
"2023/06/21","18.3065","18.3797","18.4538","18.3088","","-0.33%"
"2023/06/20","18.3663","18.1789","18.4668","18.1252","","1.07%"
"2023/06/19","18.1725","18.1917","18.2773","18.1321","","-0.06%"
"2023/06/16","18.1842","18.2215","18.2838","18.1223","","-0.19%"
"2023/06/15","18.2181","18.3441","18.4758","18.1925","","-0.61%"
"2023/06/14","18.3304","18.5941","18.6595","18.2474","","-1.55%"
"2023/06/13","18.6189","18.5552","18.6783","18.5093","","0.28%"
"2023/06/12","18.5671","18.7229","18.7605","18.5079","","-0.81%"
"2023/06/09","18.7187","18.8342","18.9076","18.6929","","-0.62%"
"2023/06/08","18.8354","19.0929","19.1152","18.7990","","-1.30%"
"2023/06/07","19.0831","19.2228","19.3086","18.9739","","-0.65%"
"2023/06/06","19.2073","19.2680","19.3605","19.1723","","-0.33%"
"2023/06/05","19.2711","19.5117","19.5697","19.2189","","-1.15%"
"2023/06/02","19.4952","19.6381","19.6626","19.4009","","-0.65%"
"2023/06/01","19.6236","19.7067","19.9240","19.5732","","-0.51%"
"2023/05/31","19.7248","19.6608","19.8535","19.6350","","0.15%"
"2023/05/30","19.6954","19.6770","19.8715","19.6423","","0.16%"
"2023/05/29","19.6649","19.6500","19.7376","19.6013","","0.10%"
"2023/05/26","19.6449","19.8211","19.8294","19.5350","","-0.81%"
"2023/05/25","19.8053","19.2335","19.8451","19.2255","","2.95%"
"2023/05/24","19.2369","19.2221","19.3144","19.1315","","0.20%"
"2023/05/23","19.1992","19.2553","19.3276","19.1614","","-0.11%"
"2023/05/22","19.2207","19.4539","19.5052","19.2031","","-1.03%"
"2023/05/19","19.4217","19.3289","19.5271","19.2388","","0.44%"
"2023/05/18","19.3363","19.2623","19.4974","19.2408","","0.49%"
"2023/05/17","19.2421","19.0768","19.3823","19.0561","","0.94%"
"2023/05/16","19.0629","19.0467","19.1689","18.9906","","0.20%"
"2023/05/15","19.0250","19.1550","19.2203","18.9946","","-1.57%"
"2023/05/12","19.3275","19.2032","19.5171","19.1570","","0.69%"
"2023/05/11","19.1958","18.8783","19.3466","18.8429","","1.73%"
"2023/05/10","18.8697","18.6276","18.9157","18.6141","","1.12%"
"2023/05/09","18.6612","18.3245","18.6747","18.3024","","1.80%"
"2023/05/08","18.3310","18.3988","18.4309","18.2750","","-0.43%"
"2023/05/05","18.4110","18.2904","18.4835","18.2533","","0.73%"
"2023/05/04","18.2779","18.2778","18.3512","18.1680","","0.02%"
"2023/05/03","18.2734","18.4762","18.4853","18.1861","","-1.00%"
"2023/05/02","18.4572","18.4059","18.5095","18.3328","","0.33%"
"2023/05/01","18.3972","18.2989","18.4159","18.2654","","0.70%"
"2023/04/28","18.2688","18.3016","18.4363","18.2681","","-0.04%"
"2023/04/27","18.2768","18.4207","18.4363","18.2150","","-0.70%"
"2023/04/26","18.4054","18.3312","18.4596","18.2586","","0.41%"
"2023/04/25","18.3294","18.1456","18.4037","18.1131","","1.09%"
"2023/04/24","18.1311","18.1050","18.2068","18.0725","","0.16%"
"2023/04/21","18.1016","18.0413","18.1651","18.0105","","0.39%"
"2023/04/20","18.0308","18.1845","18.2129","17.9897","","-0.85%"
"2023/04/19","18.1847","18.1786","18.3241","18.0664","","0.13%"
"2023/04/18","18.1613","18.3152","18.3321","18.1331","","-0.82%"
"2023/04/17","18.3116","18.0958","18.3361","18.0156","","1.26%"
"2023/04/14","18.0846","18.0724","18.1619","17.9991","","0.23%"
"2023/04/13","18.0437","18.3866","18.4394","18.0280","","-1.87%"
"2023/04/12","18.3878","18.3908","18.4611","18.2374","","0.00%"
"2023/04/11","18.3869","18.5017","18.5179","18.2456","","-0.63%"
"2023/04/10","18.5029","18.2354","18.5418","18.2046","","1.70%"
"2023/04/07","18.1942","18.2533","18.3063","18.1645","","-0.27%"
"2023/04/06","18.2433","18.0596","18.3253","18.0460","","1.13%"
"2023/04/05","18.0394","17.9325","18.0779","17.8500","","0.64%"
"2023/04/04","17.9250","17.8510","17.9802","17.7495","","0.32%"
"2023/04/03","17.8675","17.7649","17.9621","17.7557","","0.49%"
"2023/03/31","17.7803","17.8227","17.8809","17.6943","","-0.20%"
"2023/03/30","17.8157","18.1196","18.1554","17.7567","","-1.57%"
"2023/03/29","18.0995","18.1414","18.2098","18.0605","","-0.17%"
"2023/03/28","18.1310","18.3290","18.3375","18.1341","","-0.97%"
"2023/03/27","18.3085","18.1800","18.3566","18.1358","","0.83%"
"2023/03/24","18.1570","18.1060","18.2950","18.0785","","0.38%"
"2023/03/23","18.0891","18.2313","18.2775","18.0133","","-0.74%"
"2023/03/22","18.2238","18.5666","18.5882","18.1525","","-1.80%"
"2023/03/21","18.5581","18.5182","18.6152","18.4521","","0.28%"
"2023/03/20","18.5066","18.3710","18.6012","18.3227","","0.21%"
"2023/03/17","18.4671","18.3975","18.4935","18.2489","","0.43%"
"2023/03/16","18.3884","18.4703","18.4839","18.2702","","-0.14%"
"2023/03/15","18.4143","18.1168","18.5035","18.0856","","1.66%"
"2023/03/14","18.1136","18.1704","18.3348","18.0412","","-0.36%"
"2023/03/13","18.1787","18.3406","18.3406","18.0938","","-0.67%"
"2023/03/10","18.3018","18.5610","18.5671","18.1840","","-1.40%"
"2023/03/09","18.5620","18.6122","18.6712","18.4514","","-0.23%"
"2023/03/08","18.6054","18.5062","18.7208","18.4697","","0.48%"
"2023/03/07","18.5162","18.2525","18.6378","18.2113","","1.50%"
"2023/03/06","18.2429","18.1442","18.2625","18.1297","","0.54%"
"2023/03/03","18.1458","18.2059","18.2246","18.0792","","-0.28%"
"2023/03/02","18.1965","18.1225","18.2630","18.1088","","0.45%"
"2023/03/01","18.1146","18.3128","18.3824","18.0865","","-1.28%"
"2023/02/28","18.3487","18.4104","18.5201","18.2736","","-0.30%"
"2023/02/27","18.4035","18.4108","18.4894","18.3340","","-0.01%"
"2023/02/24","18.4058","18.2242","18.4934","18.1970","","1.03%"
"2023/02/23","18.2176","18.2426","18.3757","18.1840","","-0.06%"
"2023/02/22","18.2277","18.2584","18.3883","18.1150","","0.01%"
"2023/02/21","18.2254","18.1282","18.3249","18.0699","","0.63%"
"2023/02/20","18.1117","18.0625","18.1561","17.9904","","0.37%"
"2023/02/17","18.0450","18.1498","18.2971","17.9945","","-0.59%"
"2023/02/16","18.1529","18.0329","18.2309","17.9690","","0.72%"
"2023/02/15","18.0238","17.8838","18.1064","17.8801","","0.70%"
"2023/02/14","17.8988","17.8602","17.9587","17.6409","","0.24%"
"2023/02/13","17.8564","17.9438","18.0894","17.8221","","-0.36%"
"2023/02/10","17.9211","17.7550","17.9599","17.7031","","0.96%"
"2023/02/09","17.7507","17.7629","17.8177","17.5872","","-0.08%"
"2023/02/08","17.7653","17.5585","17.8309","17.4657","","1.22%"
"2023/02/07","17.5510","17.6754","17.6942","17.4519","","-0.59%"
"2023/02/06","17.6553","17.4891","17.7085","17.4442","","1.10%"
"2023/02/03","17.4637","17.0736","17.4909","17.0481","","2.35%"
"2023/02/02","17.0629","17.0413","17.1256","16.9270","","0.19%"
"2023/02/01","17.0301","17.4232","17.4413","16.9960","","-2.12%"
"2023/01/31","17.3985","17.3970","17.4935","17.3647","","0.05%"
"2023/01/30","17.3901","17.1971","17.4188","17.1777","","1.17%"
"2023/01/27","17.1896","17.1873","17.2878","17.1583","","0.04%"
"2023/01/26","17.1833","17.1147","17.2577","17.0117","","0.48%"
"2023/01/25","17.1005","17.2005","17.2625","17.0977","","-0.53%"
"2023/01/24","17.1909","17.1809","17.3204","17.1516","","0.11%"
"2023/01/23","17.1720","17.1204","17.2372","17.0622","","0.38%"
"2023/01/20","17.1063","17.2739","17.3647","17.0833","","-0.94%"
"2023/01/19","17.2683","17.1030","17.3822","17.0825","","0.92%"
"2023/01/18","17.1112","17.1147","17.1636","16.8654","","0.47%"
"2023/01/17","17.0316","17.0244","17.1748","16.9578","","0.10%"
"2023/01/16","17.0145","16.7953","17.1256","16.7415","","1.35%"
"2023/01/13","16.7875","16.7763","16.9326","16.6945","","0.11%"
"2023/01/12","16.7688","16.9251","16.9757","16.6913","","-0.78%"
"2023/01/11","16.9007","17.0294","17.0751","16.8762","","-0.70%"
"2023/01/10","17.0204","16.9422","17.1444","16.9007","","0.64%"
"2023/01/09","16.9115","17.1438","17.1586","16.8837","","-1.31%"
"2023/01/06","17.1363","17.1560","17.4417","17.0837","","-0.13%"
"2023/01/05","17.1591","16.8894","17.2993","16.8643","","1.65%"
"2023/01/04","16.8804","17.0201","17.0445","16.7787","","-0.81%"
"2023/01/03","17.0179","16.9749","17.1505","16.9249","","0.26%"
"2023/01/02","16.9743","17.0119","17.0381","16.9490","","-0.18%"
"2022/12/30","17.0044","16.9698","17.0615","16.8978","","0.25%"
"2022/12/29","16.9623","17.1126","17.1390","16.8806","","-0.83%"
"2022/12/28","17.1051","17.2017","17.2934","17.0854","","-0.50%"
"2022/12/27","17.1908","17.0248","17.3281","16.9685","","0.99%"
"2022/12/26","17.0226","17.0463","17.0463","16.9848","","-0.09%"
"2022/12/23","17.0371","17.1518","17.1819","16.9588","","-0.63%"
"2022/12/22","17.1443","17.2012","17.2496","17.0595","","-0.33%"
"2022/12/21","17.2008","17.3147","17.3652","17.1301","","-0.57%"
"2022/12/20","17.2988","17.3205","17.4552","17.2454","","-0.08%"
"2022/12/19","17.3130","17.7067","17.7081","17.1919","","-1.80%"
"2022/12/16","17.6302","17.5033","17.7269","17.4282","","0.81%"
"2022/12/15","17.4892","17.2018","17.5834","17.1517","","1.85%"
"2022/12/14","17.1711","17.2767","17.3493","17.0569","","-0.53%"
"2022/12/13","17.2633","17.5752","17.7623","17.2144","","-1.72%"
"2022/12/12","17.5657","17.3054","17.6416","17.2404","","1.35%"
"2022/12/09","17.3317","17.1828","17.3879","17.0917","","0.93%"
"2022/12/08","17.1715","17.1800","17.2418","17.0914","","-0.01%"
"2022/12/07","17.1725","17.3438","17.4165","17.0575","","-0.91%"
"2022/12/06","17.3301","17.4335","17.5042","17.2552","","-0.55%"
"2022/12/05","17.4260","17.4827","17.4969","17.1472","","-0.50%"
"2022/12/02","17.5143","17.6380","17.6480","17.2607","","-0.71%"
"2022/12/01","17.6393","17.1461","17.9633","17.0611","","2.73%"
"2022/11/30","17.1713","17.0025","17.2931","16.8944","","1.04%"
"2022/11/29","16.9950","17.1623","17.1925","16.9311","","-0.90%"
"2022/11/28","17.1501","17.1027","17.1908","17.0693","","0.43%"
"2022/11/25","17.0763","17.0169","17.1873","16.9577","","0.42%"
"2022/11/24","17.0050","16.9666","17.0626","16.9045","","0.00%"
"2022/11/23","17.0051","17.2304","17.2739","16.9559","","-1.27%"
"2022/11/22","17.2239","17.3306","17.3620","17.2300","","-0.59%"
"2022/11/21","17.3253","17.2283","17.4664","17.2250","","0.49%"
"2022/11/18","17.2407","17.4016","17.4191","17.2161","","-0.82%"
"2022/11/17","17.3837","17.2679","17.5579","17.2053","","0.71%"
"2022/11/16","17.2609","17.3226","17.4169","17.2053","","-0.22%"
"2022/11/15","17.2996","17.2983","17.4319","17.1058","","-0.01%"
"2022/11/14","17.3013","17.2416","17.3762","17.2057","","0.41%"
"2022/11/11","17.2314","17.3679","17.4689","17.2087","","-0.80%"
"2022/11/10","17.3703","17.7591","17.8398","17.3422","","-2.14%"
"2022/11/09","17.7507","17.7077","17.8627","17.6538","","0.28%"
"2022/11/08","17.7014","17.7465","17.8728","17.6507","","-0.18%"
"2022/11/07","17.7328","18.0163","18.0602","17.6827","","-0.88%"
"2022/11/04","17.8906","18.4066","18.4252","17.8749","","-2.80%"
"2022/11/03","18.4057","18.2370","18.5299","18.2069","","0.80%"
"2022/11/02","18.2600","18.1991","18.2848","17.9840","","0.38%"
"2022/11/01","18.1916","18.2978","18.3690","18.0606","","-0.54%"
"2022/10/31","18.2903","18.1469","18.3992","18.1143","","1.02%"
"2022/10/28","18.1062","18.0063","18.1919","17.9076","","0.73%"
"2022/10/27","17.9756","17.9398","18.1051","17.8745","","0.22%"